,task,input text,true output text
0, annotation,"end=5974732, symbol=MIR7158, annotation:Name=MIR7158, GGCTCAATCTCTGGTCCTGCAGCCTTCTGCCTTTGGCTTTCTGAAGCGAGCTGAACTAGAGATTGGGCCCA, annotation:gene biotype=",other
1, sequence direction,"end=42573810, GGTCTAGGGGACAGCGGACAATCCACTCGTAGGGACAGGACGTGACCCGAATCACAGGGGTGCCCAATTCGACGCGACAGGACGTGCCCCCGTAGTCCTCCTCAGAGAAATAGTCACTCCTACTCTTTTCTCTGGACCCTAGGCTCCACGCCGTCTCCCTTACATCGATTGTCAAACACTATTTTCTGAGTTGGGTACGTGGAAAAAAGAGAACGACTGGGGGAAGGCAAGGGTGACGCAAGGAGGAAGGAACGGAAGGGGAGGGGACAGAGAACCCGAGGCGACCCGGAGCGAGACGAGGTCCACAGGGACACGACAGAGGGAGACTCCTACGAGTCACCTCGTCCCTTGTGACCTCCGACACAATCGACAGTCGGGAAGACACAGGTAGAAGGTTTTGATGCACGGGAAGCCACCCTCCTAAATAGTAGAAATCTTCAGTCACTACCGCGTCAAGTACAACGAACCCCCACACCTCTATTGTGTACTCATCGGCTGGTACAAATGGACCTTCAAGACTCTTAATTTTTTTTTTTGTATGTTAACGAGGACCCTAATATTTTATCATTCACGTGAAACACTTGTGAACTTTTTTTGTTCACGGATCCCGTACTTTCTGGGACCAATAGAATGGAGAGTCTCAACTTATACAGTCAAGTATCCAACCACCTTTAAGAAGTACGAAAAAGGGTACGTAGATGGTTTTGTCCGGTAGGATGTACACATA, sequence direction=",reverse
2, GC content,"ACAAGTCCGTAAATGTGCTAAATGCCACTGAATTGAACACATTAAAGTGGCTAATTTAGTTATGTGAATTTCATCACAACTAAAAAAAAACACAGGAAAAACTTTCGTAAAACTTTTTTCAAAATAAAATTAATTTAATACATGAAAAAGTAACCAGAAACCATTTCCCCACTGGACTGCAGAAGCACAAAAGACCCTTCTACTTGATGTTTGGCCAAGTTTTTATTTCAGAAGTAGCAAAAAGGAACACCTGAAATCAGAACCTACTGCAAATATACATATTAGTGTAGGTTCAGTCCCCTCACACATTTCCCAGCACTGATTCCTCAGCCATCTATATTGAAACCAGAATGTTGATTGCTTGTGCTTCATTGGGCAAATAACTGTTTTCTTCCTTCATAGAGACAGTAAATGATAACAGCTTAGCTCACAGAAAAAGGATAAGCAATACCAGATTTGGAACATATTGAAAGCTGTATCGATCTATGGATTCTACCATCTACAGAAATGGTCAGTGGCTGTTAGCTACAAGAACCTGTCAAGCAAAATCAAAGTGTAGAAATACAATTTGTATGTCTTTGTCCAACATTGAAGGGTGGAATTAGAACACATCAAGAGGGAAATATGAATAATATAATATTAAACACTTAAGCACTACATTTTTGTGCCAAAGCTGGTTGAAAAAGAATAAAGTAACGTGCAGCAAAAATAACCCTTGGAGGGCAAAGGTGTGGTGGGGTGGGGAAGAGAAGGAAGAGGGTAAAACAGAATATTCCAGCTCATGGGTCTCCTGAATGGTTCTTGTTGAGTTTTAATCACTCATTTTATATTCTGTTGCAGTGTCTACTGCACCAGCCTTGGGCTAGGTTGGATTTTTGTCTTTATTTTATTTATTTATTTATTTTTGAGACGGAGTCTTGCTCTGTCGCCCAAGCTGGAGTGCAGTGGCACAATCTCGGCTCACTGCAACCTCTGCTTCCCAGGTTCAAGTGATACTTCTGCCTCAGCCTCCCTAGTAGCTGAGACTACAGGCTTTTGGTTTCACGTGACTAGATTGTCTCTAGGATCAAATGTTTATCCTAACTACAGCTCAAAGAATTACAAGTGTATTTTCTGTTAGAGTCTTGTGGAGTCATTTTGCTTTCTTCCAAACACATCTTTTTCATT, symbol=LOC107985634, GC content=",0.377
8, reading comprehension,"Dbxref:MIM=300586, GGATCAATACCTACAAACATCCACTCAAGATCAATATTATGAACAACAATTTTTATACCCAGCTAAAATATAGTGGTGCCCTTAGACACTATTGAAGTGTTCATGGTTATCAGACTCTATGTGAAATATCGTGTCATGCTGTTGCATTTTGTTTAATTCTAGTATTTGCTTGTCATAATTTTAGTATACCTGCCTTCACAGTTTAATTTTTCAGTGAAAAATTTTTCTGTATGAATTTTCTTCCTCCTAAGTAGTAGATTCTCATCCAATACATTCAAGGAATGAACTAATTAGGTTAATGAGAATTATACTAAAATTAAGAGTAAACATTAAAAGTTTTTGTCCCATAAATATTGATTTATTATTATCTTTTTTTGTTGCCTAATGACCTTCTTTCATAATTCAAGGTTCTCCATTTTGTTCAAAATAGTTTGGTTTCTAGATAAGCAGTCTCTATATAACACAGTACCGTGTATGAAGAGGGATAAAGATATGAATTTGTATGAGTTTCCAAAAAAAACTACACTTATAATTTCAGGATTTCAGGATTTTTTCTTTTTTTCTTTCTTTCTTTTTTTTTTTTTTTGAGACAGACTCTTGCTCTGTCATCCAGGCTGGAGTGCAAGGGTCTGATCTCAGCTCACTGCAATCTCTGCCTCCCTGGTTCAAGTGATTCTCCTGCCTCAGTTCCTGAATAGCTGGGATTACAGTCATGCACCACCACACCCGGCTAATTTTTGTATTTTTAGTAGAGATGGGATTTCACCATGTTGGCCAGGCTGGTCTTGAATTCCTGGCCTCATGTGTGATCCACCTGCCTTGGCCACCCAAAGTGTTGGGATTACAGGAGTGAGCCACCATGCTCTGCCTAATTTCAGGGAATTTTAAGTATTGATTATGGTGAAATAAAATTTATTTTTAAAAATTAAGAAAAAAATTAGGTGATTGGTGGAGAGATTTCAAGTCATTGCCATGTGTATATTTTTAATCATTTGACACAAACGGTTCAGTTTAATTCATTCTACTTATCAAAAATTTCAGCAAAACAGTTCAACAGCAAGATAATGGTCTAATGCTTCCCTTAATAAAACTGTTTCTCTTTCCTATCAATGACACTATCTAGAGTCTACTTTCTTCTTCTTCCAAGGTAGGATCCTTGAAATATACTT, reading comprehension: Dbxref:MIM=",300586
479, gene biotype ,"AAAATTAGCTAGGCGTGGTGGCTGGGACCTGTAATCCCAGCTACTTGGGAGGCTGAGGCAGGAGAATCACTTGAACCCTGGAGGTGGAGGTTGCAGTGAGCAGAGATCTCACCATTACACTCCAGCCTGGGTGACAAGAGCAAAACTGCATCTCAAAAAAAAAAAAAAAAGGGGGTGAACTTGAAGGCAGGTCCTGTGTCCATCTTTTCAGATTCTGTATCCCAGCACTTAGGACATAGACAAACACGAAGATGACAATCAATATTTGCCAAAATGAAAAAACAAAAGAAACATGTAACATCATGTAAAAGAAGCTGGTTAGGTGGAGAAATTTATTTACCATAGTCTTGCTTGTGGATCCAGTAGTGACTTTTACAGTTTGTATCTAAATAGAAGCTGGAGGCTTTGTTGGGGACTCATAGGCATAAAATATTATTTATTATAGAGTTAAATGCTACAAAGACAAATCTAATTAATAGGCCTATTTTCCTTTTTAAATTCTACTCATAATTTCTTCATAGTTTTTATGATAAAAGGTTGGATTTTGATTAGAACTCCCATGATTTTGTGTCAGAATTAAAACTGGTATTAGAATAAATAATTCAAAAGCTAGAGAAAGAGTACAAAGAGAAGCCATGAGTTGCATTTGAATTATAATATTATGTCTTACAGATTTGGGGTATATGCTAAAGTTACCAAAGTTGTAGAAAATAAGGCCGGGCATTGTGGCTCACATCTGTAATTCCAGCACTTTGGGAGGCCGAGGTGGGCGGATCATTTGAGGTCAGGAGTTTGAGACCAGCCTGGCCAACATGGTGAAACTCCGTCTGTACTAATAGTACAAAAATTAGCCAGGCGTGATGGTGTGCACCTGTAGTCCTTGCTACTCAGAAAGCTGAGGCAGGAGAATCGCTTGTACCCAGGAGGCAGAGGTTGCAGTGAGCAGAGATTGTGCCACTGCACTCCAGCCTGGGTGACAGAGTGCTATGAGTCACCACACCTGGTATGAGCCACCGTGCCTGGCCCACAATGACTTTTACACATGTTGTTAAATCATCTTACAGATTTTATAATTTGGGGGAAGAAAAGTTTTACTAAATTGTCTTTTAATGGAAACTCTACAAGAACCAGAATCTTTGCTTTGTTCACTTATGTATCCATTCCTAGGCCTAGAAAAATGTCTGACACATAGCGGCAATTATTCATTGAATAAATGGACCCAGCGATAGTACATTA, gene biotype =",other
482, complementary sequence ,"AGCAGCCTCCCAAAGTGCTGGGCTTGCAAGTGTGCACCAACACACCCAGCCTGGAGGCTTCTTAAAGAAAGATTATTCATTTT, complementary sequence =",TCGTCGGAGGGTTTCACGACCCGAACGTTCACACGTGGTTGTGTGGGTCGGACCTCCGAAGAATTTCTTTCTAATAAGTAAAA
518, reverse sequence ,"CTTTTGGCATCCCTAAACACTTAGTGCTTGCCAAAAACCTATCACCATGGCTATGGATTGTAGATTTTCCCA, reverse sequence =",ACCCTTTTAGATGTTAGGTATCGGTACCACTATCCAAAAACCGTTCGTGATTCACAAATCCCTACGGTTTTC
524, reverse complementary sequence ,"AATATTTGTGTGCTGGCATTTACTTACAACTGAGATTATCACAAATAATAATGTATAACTCATTCTAATAGGAAGCTATGTAAAATATTGATAGAGAACTAATCCTAATTAACTATTGTTTCAGGCAATATGCC, reverse complementary sequence =",GGCATATTGCCTGAAACAATAGTTAATTAGGATTAGTTCTCTATCAATATTTTACATAGCTTCCTATTAGAATGAGTTATACATTATTATTTGTGATAATCTCAGTTGTAAGTAAATGCCAGCACACAAATATT
2007, complete the blank ,"TyrThrGluTyrAsnGluProHisGluSerArgThrAsnSerAspIleValGluThrLeuArgLysLysGlyLeuAsnGlyCysAspSerProAspProAspAlaAspAspSerValGlyHisSerProGluSerGluAspLysTyrArgLysIleAsnGluAspIleAspLeuMetIleSerArgGlnArgLeuCysAlaValProPro___GluMetProValSerIleProValSerSerHisAsnSer, complete the blank =",ProAsnPhe
2008, protein sequence ,"CAATATGTCACCGAGCTGCAGAGCCCCCAGCCCCAGGCACAGCCACCGGGTGGCCAGAAGCAG, protein sequence =",GlnTyrValThrGluLeuGlnSerProGlnProGlnAlaGlnProProGlyGlyGlnLysGln
5348, splice site ,"TTCTTTTGAAGGGGGCATTTTGTTGCCTGGACTTGCTCTCTTTTCAAACTAACTATTTTGCTTGGGAAGTAAAGATGGTGCCACATTAAATGCTATTTTGAGGTGAACATTTCTGTAGCAATGATACTGTCTCTGAATAATGTGCATTTTCTTTCTTCTTAAATATCTGTGTGAGATCTAATAGTTTATGCTTTAATCAGAGGAAGAACGATGAGCCTCCCAGGATGACCTTGCAGCCCCTCAGAGTGCAGCTGAGCTCGGGAGTGGTGATAAGCAATTCTTCTTTGAGCCTGCAAGACCTGGACACCCCAGATAATGAGCTCATTTTTGTATTGACAAAAAAGCCTGACCACGGTAGGGCACGAACTGCTATGAAAAGCTTCTTAATTGAGATGCCCGA, splice site =",acceptor site
41491, enhancer ,"TCTCTGGGCTTCAGGCCCCGAGGGCGGTGCCTGGGATGGGCCGGCTCAGCTTTGGGGTTTCCCGAGCTCCGCTCTCTCTCTTCCACCTTTCCCAACCTGTGTCAGGTCCTTTTACCTGGATACTCATGATGCGGCCTCAGTTCTCACTTCCATTGGGTGTTGGGTTCCTAGATCAGCCAATCAGTGTCGCCGCGGTTCCTGGTTCTAAAGTCCTCGCCGGCCCACCGGGACTCAGATTCTCCCCAGACGCCAAGGTTGCGGGTCATGGAGTCCCGAACCCTCCTCCTGCTGTTCT, enhancer =",True
56190, Open Reading Frame ,"TGGCTGAAGACAACCACAAAAAAAAAACAGTTAAGATGTTGGAATACCTGGGCAAAGATGTTCTTCATGGTGTTTTTAATTATTTGGCAAAACACGATGTTCTGA, Open Reading Frame =",False
66081, proximal promoter ,"CTAAATATTAACTGGTCTTGTGAGATGTCTTCTTGGCTGGAGCCTGACCACCTAACTTACTGTTTTTCCTCCAACTGCTGCCTCCTCCTTTCCCTCTGCTGCAGGCTGGAACTAAGGGCGGCGGGTGGCGGCGGGAGGAGGAAGGAGGAGAAGCAAAGTTGGCCAGGGTCCTGCTGGCTGGGGGCCAGGACTGCCTCCCTAAACAAGCAGGCGGGGGCACATATAGCCCTGGGTTGAGTTGTTGCCCTTACTCATCTGGCCACAGCAGGAAGAAGAGGCGCCCGGAAAACCTTAGCTCTT, proximal promoter =",True
72001, proximal notata promoter ,"TCATTCCCTGTCCTCGCGGATCTGCAGAGCACAGAGCAACCGCGAGCCATGCACTAGCTTAATTTCCAGTACTAAAGCGTGAAGCAGGGGAAGTCACCGAGTGTCCTGGAGGCGGCGCGGCAGCCGCTGGAGCGTGAGCAGTGCCTGGCGTTGAATAAATTGCCCCGGATACAATCCGGTAAACAGGATGGGATGCTGCCGCGCCGCGTGGGCTGCCAGCTGCTGTTCCCTATAATATGTTGCTAATCCTCAACTCTTAGCCGATCTTCGAGTCGGCACTCCACACTGCGCCTGCTGCAG, proximal notata promoter =",False
77308, proximal tata promoter ,"CTAAATATTAACTGGTCTTGTGAGATGTCTTCTTGGCTGGAGCCTGACCACCTAACTTACTGTTTTTCCTCCAACTGCTGCCTCCTCCTTTCCCTCTGCTGCAGGCTGGAACTAAGGGCGGCGGGTGGCGGCGGGAGGAGGAAGGAGGAGAAGCAAAGTTGGCCAGGGTCCTGCTGGCTGGGGGCCAGGACTGCCTCCCTAAACAAGCAGGCGGGGGCACATATAGCCCTGGGTTGAGTTGTTGCCCTTACTCATCTGGCCACAGCAGGAAGAAGAGGCGCCCGGAAAACCTTAGCTCTT, proximal tata promoter =",True
77921, core promoter ,"GCAATAAAAGGCTTAGCCACATAGTGCATGCAGAGCTCTGACTTCTAGGGCAAAACATAAGCATGTACAC, core promoter =",False
83841, core notata promoter ,"GCGGTTGTAGTCTGAACTGTATGGTCCCTCCGCAGCCTCGGGATTGTTACGCTGCTGATATGATCTCCGA, core notata promoter =",False
89148, core tata promoter ,"GCAATAAAAGGCTTAGCCACATAGTGCATGCAGAGCTCTGACTTCTAGGGCAAAACATAAGCATGTACAC, core tata promoter =",False
94323, transcription factor binding site ,"TGCCTTCCGCGTGGGGACACTGGGAAAGGCCTTGCCGCAGAACAGCACGGACGGGCTCCGCAGGCTAGCGCACCTGAGTAACAACTGGGCGGGCAGCCGGC, transcription factor binding site =",True
123243, regulatory ,"ACTGGGGGAGGGGCAGCCTTCCAAATGTGTGGAGTGATAGAAACAATCTGGCAACAAATTGCCTCCCAAAGTGCATTCATTCAGTGCTGTCTGTGTTAGTGTCCCAGCTGCTCTCCCTCCCATTTGCGTCATACCTGGTGCTGACAGTGATTGTGGCTTTTGAAAATTTGATAAAAATTGATTTGCTTATCTACTTTTCTCA, chromosome = chromosome11, annotation = ensembl, regulatory =",enhancer
169185, promoter ,"GGTGTGGGGCGTCAGATTGGGGGTCTGGGGGATCAGATGGGTGGTGTCTGGGACGTCAGGCGGGGGTCGGGGGGTCGTCAGGCGGGGGATGTGTGGGGAGTCAAGTAGGGGAAGTGGGGCGTCAGATTGGGGGTCTGGGGGATCCGGTCGTGGGGGTGTCTGGGACGTCAGGCGGGGGGCCTGAGGGGCGTCAGGTGGGGGGGTCTGGGAGGCGTCAGGCGGGGGTCGGTCTATGGGGGCAGCAAGCAGGG, chromosome = chromosome13, strand = -, annotation = nontata, promoter =",True
178219, ocr ,"TTTCTCCCTTTCCAATTGGGATGCCCTTTTAATCTCTGTCTTGTCTGATTGCTCTAGCTAAGACTTCCAGTACTATGTTGAGTAACAGTGGTGAAAGTGGGTATCCTTGTCCTTCAGATCTGAGTCAGACCTGAAGCCAGCACAGCACTGGGTCTTGCCCAATGCCTGCTGTAACCACTTTCTGGCTACTGCATATGTTGTCTCAAGGCCCTGGGGCTCTACATTCAACAGGTACCAAAGCCAGCCAGGGTTGTGTCTTTCCTATCAGGACAGTGAGGGCC, chromosome = chromosomeX, annotation = ensembl, ocr =",True
